"STATION","DATE","LATITUDE","LONGITUDE","ELEVATION","NAME","CDSD","CDSD_ATTRIBUTES","CLDD","CLDD_ATTRIBUTES","DP01","DP01_ATTRIBUTES","DP10","DP10_ATTRIBUTES","DP1X","DP1X_ATTRIBUTES","DT00","DT00_ATTRIBUTES","DT32","DT32_ATTRIBUTES","DX32","DX32_ATTRIBUTES","DX70","DX70_ATTRIBUTES","DX90","DX90_ATTRIBUTES","EMNT","EMNT_ATTRIBUTES","EMXP","EMXP_ATTRIBUTES","EMXT","EMXT_ATTRIBUTES","FZF0","FZF0_ATTRIBUTES","FZF1","FZF1_ATTRIBUTES","FZF2","FZF2_ATTRIBUTES","FZF3","FZF3_ATTRIBUTES","FZF4","FZF4_ATTRIBUTES","FZF5","FZF5_ATTRIBUTES","FZF6","FZF6_ATTRIBUTES","FZF7","FZF7_ATTRIBUTES","FZF8","FZF8_ATTRIBUTES","FZF9","FZF9_ATTRIBUTES","HDSD","HDSD_ATTRIBUTES","HTDD","HTDD_ATTRIBUTES","PRCP","PRCP_ATTRIBUTES","TAVG","TAVG_ATTRIBUTES","TMAX","TMAX_ATTRIBUTES","TMIN","TMIN_ATTRIBUTES"
"NLE00152485","1951","52.3156","4.7903","-3.0","SCHIPHOL, NL","     22.5","","      22.5","E","","","","","","","         0","E","        24","E","         0","E","        31","E","         0","E","   -5.0","E,1213, ","","","   28.6","E,0731, ","-1.6","E,1017","-3.4","E,1212","-5.0","E,1213","","","","","-0.8","E,0422","-3.6","E,0305","","","","","","","","","","","","","      9.59","E","     12.73","E","      6.44","E"
"NLE00152485","1952","52.3156","4.7903","-3.0","SCHIPHOL, NL","     27.5","","      27.5","E","","","","","","","         0","E","        63","E","         8","E","        36","E","         0","E","   -8.4","E,1202, ","","","   31.0","E,0706, ","-0.9","E,1012","-2.4","E,1124","-8.1","E,1128","-8.1","E,1128","","","-1.0","E,0403","-3.0","E,0401","-7.4","E,0216","-7.4","E,0216","","","    3141.4","4","    3141.4","E","","","      8.88","E","     12.09","E","      5.66","E"
"NLE00152485","1953","52.3156","4.7903","-3.0","SCHIPHOL, NL","     38.2","","      38.2","E","","","","","","","         0","E","        50","E","         9","E","        37","E","         0","E","   -6.2","E,0215,+","","","   29.6","E,0812, ","-1.7","E,1123","-2.6","E,1125","","","","","","","-0.5","E,0320","-4.4","E,0216","-4.4","E,0216","","","","","    3534.5","5","    3534.5","E","","","      9.78","E","     12.95","E","      6.61","E"
"NLE00152485","1954","52.3156","4.7903","-3.0","SCHIPHOL, NL","     13.3","","      13.3","E","","","","","","","         0","E","        55","E","        16","E","        26","E","         0","E","  -12.1","E,0202, ","","","   27.6","E,0528, ","-1.0","E,1120","-2.4","E,1121","","","","","","","-2.0","E,0418","-2.3","E,0408","-6.0","E,0210","-9.0","E,0207","-9.0","E,0207","    3327.9","9","    3327.9","E","","","      8.93","E","     11.99","E","      5.88","E"
"NLE00152485","1955","52.3156","4.7903","-3.0","SCHIPHOL, NL","     53.2","","      53.2","E","","","","","","","         0","E","        87","E","        18","E","        47","E","         0","E","   -8.2","E,0301, ","","","   28.4","E,0717, ","-0.2","E,1029","-2.3","E,1101","-4.4","E,1212","","","","","-1.6","E,0425","-4.0","E,0331","-4.8","E,0320","-6.9","E,0302","","","    3577.3","3","    3577.3","E","","","      8.76","E","     12.12","E","      5.39","E"
"NLE00152485","1956","52.3156","4.7903","-3.0","SCHIPHOL, NL","      5.9","","       5.9","E","","","","","","","         2","E","        75","E","        28","E","        24","E","         0","E","  -19.7","E,0217, ","","","   27.0","E,0709, ","-0.1","E,1101","-3.4","E,1121","","","","","","","-1.3","E,0420","-2.2","E,0313","-10.2","E,0226","-10.2","E,0226","-10.2","E,0226","    3601.6","6","    3601.6","E","","","      8.15","E","     11.29","E","      5.00","E"
"NLE00152485","1957","52.3156","4.7903","-3.0","SCHIPHOL, NL","     51.6","","      51.6","E","","","","","","","         0","E","        35","E","         3","E","        27","E","         1","E","   -7.5","E,1217,+","","","   32.3","E,0630, ","-0.1","E,1121","-2.5","E,1130","-7.5","E,1216","-7.5","E,1216","","","-0.6","E,0508","-4.6","E,0117","-4.6","E,0117","","","","","    3141.9","9","    3141.9","E","","","      9.89","E","     12.95","E","      6.84","E"
"NLE00152485","1958","52.3156","4.7903","-3.0","SCHIPHOL, NL","     32.4","","      32.4","E","","","","","","","         0","E","        61","E","         4","E","        36","E","         0","E","   -8.0","E,0310, ","","","   27.2","E,0602, ","0.0","E,1111","","","","","","","","","0.0","E,0410","-3.2","E,0324","-4.9","E,0323","-8.0","E,0310","","","    3419.3","3","    3419.3","E","","","      9.34","E","     12.37","E","      6.32","E"
"NLE00152485","1959","52.3156","4.7903","-3.0","SCHIPHOL, NL","     84.6","","      84.6","E","","","","","","","         0","E","        44","E","        11","E","        69","E","         1","E","   -5.3","E,0214, ","","","   32.7","E,0709, ","-0.4","E,1106","-2.7","E,1210","","","","","","","-1.3","E,0220","-5.3","E,0214","-5.3","E,0214","","","","","    3022.7","7","    3022.7","E","","","     10.24","E","     13.93","E","      6.54","E"
"NLE00152485","1960","52.3156","4.7903","-3.0","SCHIPHOL, NL","     22.6","","      22.6","E","","","","","","","         0","E","        35","E","         5","E","        32","E","         0","E","   -6.9","E,0115, ","","","   28.2","E,0605, ","-0.5","E,1108","","","","","","","","","-0.1","E,0322","-2.9","E,0308","-4.8","E,0217","-6.9","E,0115","","","    3012.4","4","    3012.4","E","","","      9.86","E","     12.87","E","      6.84","E"
"NLE00152485","1961","52.3156","4.7903","-3.0","SCHIPHOL, NL","     39.5","","      39.5","E","","","","","","","         0","E","        36","E","        11","E","        31","E","         0","E","  -11.1","E,1228, ","","","   31.7","E,0702, ","-0.2","E,1106","-2.4","E,1116","-6.0","E,1217","-7.0","E,1218","-9.5","E,1225","-0.7","E,0320","-6.4","E,0127","-6.4","E,0127","-8.3","E,0126","","","    3033.9","9","    3033.9","E","","","      9.95","E","     13.15","E","      6.75","E"
"NLE00152485","1962","52.3156","4.7903","-3.0","SCHIPHOL, NL","      3.0","","       3.0","E","","","","","","","         0","E","        74","E","        16","E","        12","E","         0","E","  -11.4","E,1228, ","","","   26.3","E,0903,+","-1.6","E,1114","-4.6","E,1121","-4.6","E,1121","-9.0","E,1206","-9.0","E,1206","-0.6","E,0501","-2.4","E,0325","-5.4","E,0315","-7.4","E,0314","","","    3476.6","6","    3476.6","E","","","      8.17","E","     11.19","E","      5.15","E"
"NLE00152485","1963","52.3156","4.7903","-3.0","SCHIPHOL, NL","     19.5","","      19.5","E","","","","","","","         0","E","        90","E","        47","E","        29","E","         0","E","  -16.3","E,0118, ","","","   26.4","E,0722, ","-0.7","E,1127","-2.4","E,1207","-7.7","E,1214","-7.7","E,1214","-9.3","E,1224","-0.5","E,0404","-3.6","E,0304","-5.3","E,0303","-7.1","E,0302","-10.3","E,0225","    3948.7","7","    3948.7","E","","","      7.95","E","     11.08","E","      4.82","E"
"NLE00152485","1964","52.3156","4.7903","-3.0","SCHIPHOL, NL","     43.2","","      43.2","E","","","","","","","         0","E","        67","E","        14","E","        49","E","         0","E","   -9.9","E,1229, ","","","   30.2","E,0826, ","-1.5","E,1107","-2.6","E,1223","-7.2","E,1226","-7.2","E,1226","-9.4","E,1228","-0.3","E,0408","-2.4","E,0319","-6.0","E,0311","","","","","    3377.2","2","    3377.2","E","","","      9.35","E","     12.46","E","      6.24","E"
"NLE00152485","1965","52.3156","4.7903","-3.0","SCHIPHOL, NL","      5.1","","       5.1","E","","","","","","","         0","E","        53","E","         5","E","        19","E","         0","E","   -8.8","E,0303, ","","","   26.5","E,0805, ","-0.7","E,1106","-2.4","E,1113","-4.4","E,1114","","","","","-0.6","E,0322","-5.8","E,0305","-5.8","E,0305","-8.8","E,0303","","","    3363.5","5","    3363.5","E","","","      8.76","E","     11.98","E","      5.55","E"
"NLE00152485","1966","52.3156","4.7903","-3.0","SCHIPHOL, NL","     32.8","","      32.8","E","","","","","","","         0","E","        47","E","        17","E","        34","E","         0","E","  -11.7","E,0218, ","","","   29.0","E,0610, ","-0.5","E,1029","-2.2","E,1103","","","","","","","-1.6","E,0414","-11.7","E,0218","-11.7","E,0218","-11.7","E,0218","-11.7","E,0218","    3396.3","3","    3396.3","E","","","      9.48","E","     12.44","E","      6.51","E"
"NLE00152485","1967","52.3156","4.7903","-3.0","SCHIPHOL, NL","     20.7","","      20.7","E","","","","","","","         0","E","        32","E","         4","E","        37","E","         0","E","  -10.8","E,0107, ","","","   29.2","E,0718, ","-1.1","E,1108","-3.0","E,1118","-5.6","E,1210","","","","","-1.5","E,0424","-3.6","E,0215","-4.5","E,0109","-9.9","E,0108","-9.9","E,0108","    3211.1","1","    3211.1","E","","","      9.66","E","     12.83","E","      6.50","E"
"NLE00152485","1968","52.3156","4.7903","-3.0","SCHIPHOL, NL","     33.7","","      33.7","E","","","","","","","         0","E","        69","E","        16","E","        43","E","         0","E","  -11.6","E,0113, ","","","   30.4","E,0701, ","-0.2","E,1109","-2.8","E,1114","-4.5","E,1115","-6.7","E,1211","-9.6","E,1230","-0.9","E,0412","-2.3","E,0409","-4.6","E,0226","-11.6","E,0113","-11.6","E,0113","    3221.3","3","    3221.3","E","","","      9.16","E","     12.23","E","      6.09","E"
"NLE00152485","1969","52.3156","4.7903","-3.0","SCHIPHOL, NL","     81.2","","      81.2","E","","","","","","","         0","E","        85","E","        21","E","        55","E","         0","E","  -11.4","E,0214, ","","","   30.4","E,0729, ","-0.4","E,1107","-2.4","E,1206","-7.2","E,1210","-7.2","E,1210","-9.4","E,1220","-0.1","E,0420","-3.7","E,0329","-8.3","E,0219","-8.3","E,0219","-11.4","E,0214","    3512.3","3","    3512.3","E","","","      9.11","E","     12.42","E","      5.80","E"
"NLE00152485","1970","52.3156","4.7903","-3.0","SCHIPHOL, NL","     47.9","","      47.9","E","","","","","","","         0","E","        69","E","        13","E","        44","E","         0","E","  -13.0","E,1231, ","","","   28.3","E,0707, ","-0.6","E,1212","-4.6","E,1223","-4.6","E,1223","-7.0","E,1227","-9.8","E,1230","-1.7","E,0409","-3.5","E,0326","-6.7","E,0218","-6.7","E,0218","-9.5","E,0217","    3434.1","1","    3434.1","E","","","      9.04","E","     12.28","E","      5.80","E"
"NLE00152485","1971","52.3156","4.7903","-3.0","SCHIPHOL, NL","     40.7","","      40.7","E","       133","E","        73","E","         0","E","         0","E","        56","E","         9","E","        53","E","         0","E","  -13.0","E,0101, ","  20.6"," ,E,0614, ","   29.6","E,0709, ","-0.6","E,1015","-3.0","E,1111","-4.6","E,1119","","","","","-0.7","E,0430","-2.2","E,0412","-10.9","E,0307","-10.9","E,0307","-10.9","E,0307","    3317.6","6","    3317.6","E","    519.0"," ,E","      9.52","E","     13.19","E","      5.85","E"
"NLE00152485","1972","52.3156","4.7903","-3.0","SCHIPHOL, NL","     37.5","","      37.5","E","       155","E","        83","E","         1","E","         0","E","        56","E","         9","E","        25","E","         0","E","  -11.7","E,0118, ","  32.1"," ,E,0802, ","   31.0","E,0720, ","-2.3","E,1019","-2.3","E,1019","-5.1","E,1222","-6.8","E,1231","","","-0.1","E,0323","-3.3","E,0313","-8.0","E,0201","-8.0","E,0201","-11.7","E,0118","    3263.6","6","    3263.6","E","    632.1"," ,E","      8.93","E","     12.44","E","      5.43","E"
"NLE00152485","1973","52.3156","4.7903","-3.0","SCHIPHOL, NL","     58.0","","      58.0","E","       157","E","        78","E","         3","E","         0","E","        49","E","         3","E","        56","E","         0","E","  -14.8","E,1202, ","  33.6"," ,E,0706, ","   30.9","E,0702, ","-1.4","E,1122","-2.9","E,1129","-13.1","E,1201","-13.1","E,1201","-13.1","E,1201","-0.1","E,0410","-2.3","E,0327","-5.6","E,0101","","","","","    3331.7","7","    3331.7","E","    783.9"," ,E","      9.70","E","     13.40","E","      6.01","E"
"NLE00152485","1974","52.3156","4.7903","-3.0","SCHIPHOL, NL","     14.3","","      14.3","E","       182","E","        94","E","         2","E","         0","E","        19","E","         2","E","        32","E","         0","E","   -4.2","E,0101, ","  35.2"," ,E,0905, ","   26.1","E,0830, ","-0.3","E,1031","","","","","","","","","-0.4","E,0315","-4.1","E,0102","","","","","","","    3032.0","0","    3032.0","E","    786.1"," ,E","     10.03","E","     13.48","E","      6.57","E"
"NLE00152485","1975","52.3156","4.7903","-3.0","SCHIPHOL, NL","     94.9","","      94.9","E","       151","E","        71","E","         1","E","         0","E","        34","E","         0","E","        67","E","         3","E","   -5.3","E,1216, ","  27.2"," ,E,0718, ","   32.5","E,0808, ","-0.7","E,1115","-2.5","E,1124","-5.3","E,1216","","","","","-0.2","E,0403","-3.7","E,0216","","","","","","","    3171.0","0","    3171.0","E","    561.0"," ,E","     10.08","E","     13.56","E","      6.60","E"
"NLE00152485","1976","52.3156","4.7903","-3.0","SCHIPHOL, NL","    116.3","","     116.3","E","       131","E","        68","E","         0","E","         0","E","        49","E","        10","E","        69","E","         3","E","   -9.2","E,0130, ","  22.8"," ,E,0909, ","   32.3","E,0627,+","-1.2","E,1206","-2.2","E,1214","-7.3","E,1229","-7.3","E,1229","","","-2.1","E,0429","-3.5","E,0324","-4.8","E,0310","-7.5","E,0309","-9.0","E,0201","    3163.0","0","    3163.0","E","    488.6"," ,E","      9.88","E","     13.62","E","      6.14","E"
"NLE00152485","1977","52.3156","4.7903","-3.0","SCHIPHOL, NL","     15.3","","      15.3","E","       171","E","        88","E","         2","E","         0","E","        41","E","         3","E","        35","E","         0","E","   -4.2","E,1206, ","  34.2"," ,E,0807, ","   29.2","E,0613, ","-2.3","E,1127","-2.3","E,1127","","","","","","","-1.0","E,0420","-3.5","E,0410","","","","","","","    3163.2","2","    3163.2","E","    757.7"," ,E","      9.89","E","     13.38","E","      6.39","E"
"NLE00152485","1978","52.3156","4.7903","-3.0","SCHIPHOL, NL","     23.4","","      23.4","E","       155","E","        79","E","         1","E","         0","E","        53","E","        13","E","        33","E","         0","E","  -11.0","E,1231, ","  29.1"," ,E,0930, ","   31.2","E,0730, ","-0.6","E,1111","-3.7","E,1129","-4.5","E,1201","-8.1","E,1219","-9.7","E,1230","-1.0","E,0417","-6.8","E,0221","-6.8","E,0221","-6.8","E,0221","-9.1","E,0218","    3175.3","3","    3175.3","E","    679.1"," ,E","      9.00","E","     12.33","E","      5.68","E"
"NLE00152485","1979","52.3156","4.7903","-3.0","SCHIPHOL, NL","     18.3","","      18.3","E","       172","E","       106","E","         1","E","         0","E","        72","E","        23","E","        37","E","         0","E","  -15.4","E,0102, ","  29.1"," ,E,0502, ","   29.7","E,0603, ","-0.3","E,1027","-2.3","E,1222","","","","","","","-0.4","E,0505","-3.0","E,0404","-5.2","E,0219","-8.1","E,0218","-13.7","E,0128","    3707.2","2","    3707.2","E","    861.9"," ,E","      8.51","E","     11.99","E","      5.02","E"
"NLE00152485","1980","52.3156","4.7903","-3.0","SCHIPHOL, NL","     35.8","","      35.8","E","       185","E","        88","E","         0","E","         0","E","        55","E","         7","E","        51","E","         0","E","  -13.0","E,1207, ","  16.7"," ,E,1217, ","   28.5","E,0726, ","-0.8","E,1014","-2.8","E,1102","-4.4","E,1104","-13.0","E,1207","-13.0","E,1207","-0.8","E,0423","-2.3","E,0324","-4.8","E,0323","-8.2","E,0114","","","    3295.9","9","    3295.9","E","    704.1"," ,E","      9.35","E","     12.97","E","      5.72","E"
"NLE00152485","1981","52.3156","4.7903","-3.0","SCHIPHOL, NL","     32.6","","      32.6","E","       180","E","       101","E","         1","E","         0","E","        64","E","        10","E","        42","E","         0","E","  -10.6","E,1217,+","  25.5"," ,E,0311, ","   29.7","E,0709, ","-0.4","E,1107","-2.2","E,1108","-8.1","E,1211","-8.1","E,1211","-10.6","E,1212","-1.1","E,0503","-3.3","E,0424","-4.9","E,0223","","","","","    3192.3","3","    3192.3","E","    829.8"," ,E","      9.33","E","     12.89","E","      5.78","E"
"NLE00152485","1982","52.3156","4.7903","-3.0","SCHIPHOL, NL","     93.7","","      93.7","E","       158","E","        73","E","         2","E","         0","E","        56","E","         6","E","        56","E","         0","E","  -11.2","E,0110, ","  59.0"," ,E,0622, ","   31.6","E,0709, ","-0.4","E,1201","-2.4","E,1207","","","","","","","-0.7","E,0509","-3.2","E,0308","-5.3","E,0226","-9.2","E,0115","-9.2","E,0115","    3379.4","4","    3379.4","E","    672.7"," ,E","     10.05","E","     13.92","E","      6.17","E"
"NLE00152485","1983","52.3156","4.7903","-3.0","SCHIPHOL, NL","     87.9","","      87.9","E","       168","E","        91","E","         2","E","         0","E","        57","E","         4","E","        61","E","         0","E","   -6.5","E,0211, ","  44.5"," ,E,1127, ","   32.1","E,0711, ","-0.9","E,1022","-5.8","E,1114","-5.8","E,1114","","","","","-0.5","E,0404","-3.1","E,0224","-4.4","E,0223","","","","","    3080.6","6","    3080.6","E","    873.8"," ,E","      9.85","E","     13.70","E","      6.01","E"
"NLE00152485","1984","52.3156","4.7903","-3.0","SCHIPHOL, NL","     33.5","","      33.5","E","       163","E","        96","E","         1","E","         0","E","        51","E","         4","E","        37","E","         0","E","   -9.1","E,0123, ","  25.5"," ,E,0909, ","   29.7","E,0730, ","-0.1","E,1207","","","","","","","","","0.0","E,0418","-3.8","E,0323","-4.6","E,0220","-7.2","E,0218","-9.1","E,0123","    3361.1","1","    3361.1","E","    842.2"," ,E","      9.30","E","     12.86","E","      5.74","E"
"NLE00152485","1985","52.3156","4.7903","-3.0","SCHIPHOL, NL","     19.5","","      19.5","E","       173","E","        91","E","         2","E","         0","E","        80","E","        26","E","        36","E","         0","E","  -14.4","E,0105, ","  29.3"," ,E,0730, ","   29.0","E,0604, ","-0.5","E,1104","-3.3","E,1119","-7.7","E,1230","-7.7","E,1230","","","-0.6","E,0424","-4.8","E,0319","-4.8","E,0319","-11.5","E,0219","-11.5","E,0219","    3451.6","6","    3451.6","E","    813.3"," ,E","      8.44","E","     12.14","E","      4.75","E"
"NLE00152485","1986","52.3156","4.7903","-3.0","SCHIPHOL, NL","     43.0","","      43.0","E","       158","E","        94","E","         4","E","         0","E","        73","E","        23","E","        41","E","         0","E","  -15.0","E,0224, ","  33.1"," ,E,1021, ","   30.1","E,0616, ","-0.7","E,1129","-3.0","E,1222","","","","","","","-2.6","E,0413","-2.6","E,0413","-4.7","E,0412","-7.0","E,0304","-11.2","E,0227","    3566.8","8","    3566.8","E","    798.1"," ,E","      8.80","E","     12.73","E","      4.87","E"
"NLE00152485","1987","52.3156","4.7903","-3.0","SCHIPHOL, NL","     31.9","","      31.9","E","       163","E","        90","E","         2","E","         0","E","        75","E","        17","E","        41","E","         0","E","  -14.2","E,0114, ","  32.9"," ,E,1119, ","   30.4","E,0821, ","-0.5","E,1107","-3.8","E,1207","-6.1","E,1208","","","","","-0.3","E,0331","-5.7","E,0315","-5.7","E,0315","-7.7","E,0313","-9.4","E,0131","    3520.3","3","    3520.3","E","    814.0"," ,E","      8.93","E","     12.61","E","      5.25","E"
"NLE00152485","1988","52.3156","4.7903","-3.0","SCHIPHOL, NL","     21.3","","      21.3","E","       186","E","       106","E","         3","E","         0","E","        28","E","         0","E","        40","E","         0","E","   -3.8","E,1105, ","  30.4"," ,E,0825, ","   27.7","E,0723, ","-0.7","E,1102","-2.5","E,1104","","","","","","","-0.2","E,0426","-3.0","E,0302","","","","","","","    2979.0","0","    2979.0","E","    919.0"," ,E","     10.33","E","     13.82","E","      6.83","E"
"NLE00152485","1989","52.3156","4.7903","-3.0","SCHIPHOL, NL","     51.3","","      51.3","E","       142","E","        76","E","         1","E","         0","E","        36","E","         0","E","        71","E","         0","E","   -5.5","E,1204, ","  30.0"," ,E,0414, ","   31.1","E,0722, ","-0.1","E,1114","-3.2","E,1125","-5.4","E,1130","","","","","-0.3","E,0430","-2.7","E,0217","","","","","","","    2905.7","7","    2905.7","E","    660.2"," ,E","     10.63","E","     14.76","E","      6.50","E"
"NLE00152485","1990","52.3156","4.7903","-3.0","SCHIPHOL, NL","     45.6","","      45.6","E","       162","E","        89","E","         0","E","         0","E","        29","E","         0","E","        55","E","         2","E","   -2.8","E,1216, ","  24.2"," ,E,0820, ","   34.5","E,0804, ","-0.5","E,1106","-2.8","E,1216","","","","","","","-2.4","E,0410","-2.4","E,0410","","","","","","","    2702.9","9","    2702.9","E","    757.7"," ,E","     10.68","E","     14.70","E","      6.65","E"
"NLE00152485","1991","52.3156","4.7903","-3.0","SCHIPHOL, NL","     53.0","","      53.0","E","       150","E","        84","E","         0","E","         0","E","        63","E","        10","E","        51","E","         1","E","  -14.9","E,0210, ","  25.2"," ,E,0930, ","   32.2","E,0711, ","-1.2","E,1116","-2.7","E,1121","-4.6","E,1215","","","","","-1.0","E,0424","-3.1","E,0421","-4.4","E,0220","-11.9","E,0214","-11.9","E,0214","    3341.5","5","    3341.5","E","    669.6"," ,E","      9.24","E","     13.07","E","      5.42","E"
"NLE00152485","1992","52.3156","4.7903","-3.0","SCHIPHOL, NL","     67.9","","      67.9","E","       172","E","        97","E","         1","E","         0","E","        33","E","         5","E","        75","E","         0","E","   -7.0","E,0124, ","  28.1"," ,E,0810, ","   30.7","E,0630, ","-0.5","E,1013","-3.8","E,1228","-5.8","E,1229","","","","","-0.8","E,0221","-4.5","E,0218","-4.5","E,0218","-7.0","E,0124","","","    2963.4","4","    2963.4","E","    856.0"," ,E","     10.48","E","     14.22","E","      6.74","E"
"NLE00152485","1993","52.3156","4.7903","-3.0","SCHIPHOL, NL","     16.7","","      16.7","E","       167","E","        95","E","         2","E","         0","E","        53","E","        10","E","        44","E","         0","E","   -8.9","E,0104, ","  37.9"," ,E,0913, ","   28.2","E,0610, ","-0.8","E,1019","-3.5","E,1119","-4.9","E,1120","-6.9","E,1123","","","-0.7","E,0408","-2.7","E,0328","-4.4","E,0327","-8.9","E,0104","-8.9","E,0104","    2964.8","8","    2964.8","E","    941.5"," ,E","      9.52","E","     13.18","E","      5.85","E"
"NLE00152485","1994","52.3156","4.7903","-3.0","SCHIPHOL, NL","     93.0","","      93.0","E","       173","E","       104","E","         2","E","         0","E","        32","E","         6","E","        59","E","         2","E","   -8.8","E,0221, ","  27.3"," ,E,1227, ","   33.2","E,0804, ","-0.3","E,1215","-2.4","E,1223","","","","","","","-0.5","E,0419","-6.6","E,0222","-6.6","E,0222","-8.8","E,0221","","","    3351.2","2","    3351.2","E","    953.5"," ,E","     10.40","E","     14.12","E","      6.69","E"
"NLE00152485","1995","52.3156","4.7903","-3.0","SCHIPHOL, NL","    115.9","","     115.9","E","       150","E","        83","E","         0","E","         0","E","        46","E","        12","E","        74","E","         1","E","   -9.8","E,1229, ","  25.1"," ,E,0122, ","   32.3","E,0731, ","-1.6","E,1104","-2.2","E,1105","-5.3","E,1206","-6.7","E,1227","-9.8","E,1229","-0.7","E,0330","-2.2","E,0108","-5.1","E,0105","","","","","    2861.1","1","    2861.1","E","    674.7"," ,E","     10.38","E","     14.15","E","      6.60","E"
"NLE00152485","1996","52.3156","4.7903","-3.0","SCHIPHOL, NL","     29.9","","      29.9","E","       134","E","        66","E","         2","E","         0","E","        90","E","        26","E","        39","E","         1","E","  -11.9","E,0208, ","  28.7"," ,E,1219, ","   33.2","E,0607, ","-1.2","E,1115","-2.4","E,1214","-4.5","E,1221","-7.2","E,1226","-10.2","E,1231","-0.5","E,0506","-3.1","E,0403","-4.6","E,0401","-11.2","E,0209","-11.2","E,0209","    3464.3","3","    3464.3","E","    627.5"," ,E","      8.45","E","     12.19","E","      4.71","E"
"NLE00152485","1997","52.3156","4.7903","-3.0","SCHIPHOL, NL","     93.2","","      93.2","E","       141","E","        82","E","         0","E","         0","E","        46","E","        13","E","        62","E","         1","E","  -13.6","E,0102, ","  23.8"," ,E,0629, ","   32.5","E,0812, ","-2.6","E,1022","-2.6","E,1022","-5.4","E,1216","","","","","-1.4","E,0423","-2.7","E,0421","-4.4","E,0127","-8.4","E,0109","-9.4","E,0106","    3325.3","3","    3325.3","E","    651.5"," ,E","     10.15","E","     13.92","E","      6.38","E"
"NLE00152485","1998","52.3156","4.7903","-3.0","SCHIPHOL, NL","     37.4","","      37.4","E","       198","E","       121","E","         5","E","         0","E","        28","E","         6","E","        41","E","         0","E","   -8.2","E,0202, ","  50.1"," ,E,0914, ","   31.5","E,0512, ","-1.5","E,1117","-3.7","E,1120","-5.3","E,1122","","","","","-0.9","E,0324","-8.2","E,0202","-8.2","E,0202","-8.2","E,0202","","","    2732.7","7","    2732.7","E","   1197.2"," ,E","     10.51","E","     13.80","E","      7.22","E"
"NLE00152485","1999","52.3156","4.7903","-3.0","SCHIPHOL, NL","     67.4","","      67.4","E","       189","E","       117","E","         3","E","         0","E","        31","E","         0","E","        64","E","         0","E","   -8.8","E,0214, ","  29.6"," ,E,0926, ","   31.7","E,0801, ","-2.0","E,1113","","","","","","","","","-0.9","E,0311","-8.8","E,0214","-8.8","E,0214","-8.8","E,0214","","","    2999.5","5","    2999.5","E","   1002.1"," ,E","     10.97","E","     14.50","E","      7.45","E"
"NLE00152485","2000","52.3156","4.7903","-3.0","SCHIPHOL, NL","     49.6","","      49.6","E","       196","E","       112","E","         3","E","         0","E","        21","E","         2","E","        51","E","         2","E","   -4.8","E,1223, ","  35.5"," ,E,1109, ","   32.9","E,0619, ","-2.1","E,1221","-3.8","E,1222","-4.8","E,1223","","","","","-0.1","E,0411","-4.0","E,0124","","","","","","","    2698.6","6","    2698.6","E","   1054.5"," ,E","     10.92","E","     14.15","E","      7.69","E"
"NLE00152485","2001","52.3156","4.7903","-3.0","SCHIPHOL, NL","     77.5","","      77.5","E","       194","E","       116","E","         1","E","         0","E","        50","E","         3","E","        56","E","         0","E","   -6.5","E,0118, ","  26.6"," ,E,0204, ","   31.8","E,0815, ","-1.9","E,1115","-4.2","E,1214","","","","","","","-0.2","E,0422","-2.2","E,0303","-6.5","E,0118","","","","","    2956.7","7","    2956.7","E","   1020.8"," ,E","     10.54","E","     13.89","E","      7.19","E"
"NLE00152485","2002","52.3156","4.7903","-3.0","SCHIPHOL, NL","     67.3","","      67.3","E","       170","E","       108","E","         3","E","         0","E","        29","E","         6","E","        63","E","         1","E","   -7.7","E,1210, ","  33.3"," ,E,0824, ","   32.6","E,0730, ","-2.0","E,1207","-3.6","E,1208","-7.0","E,1209","-7.0","E,1209","","","-0.7","E,0407","-2.2","E,0302","-5.8","E,0104","","","","","    2655.4","4","    2655.4","E","    933.8"," ,E","     10.88","E","     14.31","E","      7.45","E"
"NLE00152485","2003","52.3156","4.7903","-3.0","SCHIPHOL, NL","     98.9","","      98.9","E","       136","E","        73","E","         2","E","         0","E","        55","E","         6","E","        92","E","         4","E","   -8.5","E,0111, ","  31.2"," ,E,1228, ","   33.3","E,0716, ","-2.7","E,1023","-2.7","E,1023","-4.8","E,1210","","","","","-0.8","E,0410","-2.4","E,0408","-4.7","E,0221","-8.5","E,0111","","","    2936.8","8","    2936.8","E","    647.6"," ,E","     10.53","E","     14.69","E","      6.37","E"
"NLE00152485","2004","52.3156","4.7903","-3.0","SCHIPHOL, NL","     76.4","","      76.4","E","       171","E","       104","E","         2","E","         0","E","        48","E","         1","E","        59","E","         1","E","   -7.7","E,0103, ","  43.3"," ,E,0825, ","   32.4","E,0809, ","-0.7","E,1114","-2.6","E,1125","-4.5","E,1221","","","","","-2.9","E,0327","-2.9","E,0327","-4.7","E,0301","-7.7","E,0103","","","    2942.8","8","    2942.8","E","    935.6"," ,E","     10.62","E","     14.33","E","      6.91","E"
"NLE00152485","2005","52.3156","4.7903","-3.0","SCHIPHOL, NL","     89.7","","      89.7","E","       177","E","        79","E","         4","E","         0","E","        45","E","         2","E","        60","E","         2","E","  -16.7","E,0304, ","  56.7"," ,E,0704, ","   32.9","E,0624, ","-0.8","E,1119","-2.2","E,1128","-5.2","E,1228","","","","","-10.4","E,0306","-10.4","E,0306","-10.4","E,0306","-10.4","E,0306","-10.4","E,0306","    2861.3","3","    2861.3","E","    853.9"," ,E","     10.89","E","     14.54","E","      7.24","E"
"NLE00152485","2006","52.3156","4.7903","-3.0","SCHIPHOL, NL","    172.6","","     172.6","E","       157","E","       103","E","         5","E","         0","E","        57","E","         1","E","        86","E","         1","E","   -6.8","E,0312, ","  36.7"," ,E,0814, ","   33.7","E,0719, ","-1.2","E,1218","","","","","","","","","-0.9","E,0411","-3.4","E,0323","-5.8","E,0313","-6.8","E,0312","","","    2976.8","8","    2976.8","E","    944.4"," ,E","     11.24","E","     14.90","E","      7.58","E"
"NLE00152485","2007","52.3156","4.7903","-3.0","SCHIPHOL, NL","     36.8","","      36.8","E","       175","E","       101","E","         3","E","         0","E","        29","E","         4","E","        66","E","         0","E","   -7.2","E,1222, ","  48.1"," ,E,0716, ","   29.2","E,0608, ","0.0","E,1023","-2.7","E,1115","-4.5","E,1220","-7.2","E,1222","","","-0.4","E,0320","-2.7","E,0207","-4.6","E,0123","","","","","    2189.0","0","    2189.0","E","    934.6"," ,E","     11.36","E","     15.02","E","      7.71","E"
"NLE00152485","2008","52.3156","4.7903","-3.0","SCHIPHOL, NL","     56.8","","      56.8","E","       175","E","        93","E","         1","E","         0","E","        48","E","         1","E","        59","E","         0","E","   -8.1","E,1231, ","  43.1"," ,E,0807, ","   29.4","E,0731, ","-0.4","E,1029","-2.5","E,1226","-5.9","E,1229","-7.2","E,1230","","","-0.5","E,0416","-4.7","E,0323","-4.7","E,0323","","","","","    2828.7","7","    2828.7","E","    817.7"," ,E","     10.62","E","     14.29","E","      6.95","E"
"NLE00152485","2009","52.3156","4.7903","-3.0","SCHIPHOL, NL","     73.5","","      73.5","E","       167","E","        88","E","         2","E","         0","E","        52","E","         6","E","        66","E","         1","E","   -8.8","E,0103, ","  37.4"," ,E,0526, ","   32.5","E,0820, ","-1.3","E,1213","-4.5","E,1214","-4.5","E,1214","-8.5","E,1219","","","-1.4","E,0321","-2.6","E,0218","-5.3","E,0214","-8.2","E,0110","","","    3053.4","4","    3053.4","E","    716.1"," ,E","     10.55","E","     14.41","E","      6.70","E"
"NLE00152485","2010","52.3156","4.7903","-3.0","SCHIPHOL, NL","     70.9","","      70.9","E","       166","E","        86","E","         2","E","         0","E","        82","E","        25","E","        57","E","         1","E","  -13.8","E,0108, ","  56.8"," ,E,0826, ","   33.6","E,0709, ","0.0","E,1124","-3.0","E,1126","-7.0","E,1201","-7.0","E,1201","-9.2","E,1202","-2.6","E,0310","-2.6","E,0310","-4.9","E,0307","-6.9","E,0212","-10.4","E,0127","    3173.7","7","    3173.7","E","    741.6"," ,E","      8.98","E","     12.76","E","      5.19","E"
"NLE00152485","2011","52.3156","4.7903","-3.0","SCHIPHOL, NL","     35.4","","      35.4","E","       165","E","        83","E","         1","E","         0","E","        39","E","         0","E","        60","E","         0","E","   -6.3","E,0222, ","  52.0"," ,E,0714, ","   31.9","E,0628, ","0.0","E,1114","","","","","","","","","-1.9","E,0329","-2.8","E,0308","-6.3","E,0222","","","","","    3039.8","8","    3039.8","E","    775.8"," ,E","     10.98","E","     14.80","E","      7.16","E"
"NLE00152485","2012","52.3156","4.7903","-3.0","SCHIPHOL, NL","     75.3","","      75.3","E","       180","E","       113","E","         1","E","         1","E","        40","E","        12","E","        58","E","         0","E","  -18.8","E,0204, ","  32.3"," ,E,0712, ","   31.8","E,0818, ","-1.3","E,1028","-3.1","E,1130","-7.0","E,1208","-7.0","E,1208","","","-1.1","E,0417","-2.3","E,0406","-10.8","E,0212","-10.8","E,0212","-10.8","E,0212","    2919.5","5","    2919.5","E","    969.0"," ,E","     10.24","E","     13.96","E","      6.53","E"
"NLE00152485","2013","52.3156","4.7903","-3.0","SCHIPHOL, NL","     83.3","","      83.3","E","       165","E","        92","E","         3","E","         0","E","        64","E","        13","E","        71","E","         1","E","  -10.3","E,0116, ","  46.2"," ,E,0910, ","   32.2","E,0802, ","-0.9","E,1120","-2.8","E,1203","","","","","","","0.0","E,0406","-2.2","E,0330","-5.1","E,0314","-9.9","E,0125","-9.9","E,0125","    3301.3","3","    3301.3","E","    782.7"," ,E","      9.77","E","     13.50","E","      6.05","E"
"NLE00152485","2014","52.3156","4.7903","-3.0","SCHIPHOL, NL","     87.2","","      87.2","E","","","","","","","         0","E","        13","E","         0","E","        76","E","         1","E","   -3.3","E,0131, ","","","   33.7","E,0719, ","-2.6","E,1203","-2.6","E,1203","","","","","","","-0.6","E,0326","-3.3","E,0131","","","","","","","    2561.2","2","    2561.2","E","","","     11.72","E","     15.49","E","      7.95","E"
"NLE00152485","2015","52.3156","4.7903","-3.0","SCHIPHOL, NL","     76.1","","      76.1","E","       175","E","       105","E","         1","E","         0","E","        36","E","         0","E","        56","E","         1","E","   -6.3","E,0123, ","  35.1"," ,E,0904, ","   33.0","E,0701, ","-1.5","E,1123","","","","","","","","","-1.6","E,0405","-2.8","E,0311","-5.0","E,0207","","","","","    2840.8","8","    2840.8","E","    885.0"," ,E","     10.83","E","     14.66","E","      7.01","E"
"NLE00152485","2016","52.3156","4.7903","-3.0","SCHIPHOL, NL","     99.4","","      99.4","E","       168","E","        91","E","         3","E","         0","E","        52","E","         2","E","        81","E","         1","E","   -6.3","E,0119, ","  44.8"," ,E,0821, ","   33.0","E,0720, ","-2.4","E,1108","-2.4","E,1108","-5.6","E,1129","","","","","-0.9","E,0315","-3.7","E,0305","-4.8","E,0217","","","","","    2670.3","3","    2670.3","E","    862.6"," ,E","     10.81","E","     14.61","E","      7.01","E"
"NLE00152485","2017","52.3156","4.7903","-3.0","SCHIPHOL, NL","     60.1","","      60.1","E","       188","E","       103","E","         3","E","         0","E","        40","E","         5","E","        75","E","         0","E","   -6.9","E,0122, ","  67.2"," ,E,0908, ","   30.6","E,0527, ","-0.2","E,1107","-2.2","E,1130","","","","","","","-0.2","E,0426","-4.0","E,0210","-4.8","E,0126","-6.9","E,0122","","","    2796.8","8","    2796.8","E","    935.7"," ,E","     10.95","E","     14.75","E","      7.15","E"
"NLE00152485","2018","52.3156","4.7903","-3.0","SCHIPHOL, NL","    161.6","","     161.6","E","       128","E","        63","E","         1","E","         0","E","        44","E","         2","E","       111","E","         3","E","   -8.7","E,0228, ","  49.3"," ,E,0905, ","   35.7","E,0727, ","-0.6","E,1116","","","","","","","","","-0.7","E,0326","-3.6","E,0321","-4.8","E,0303","-7.1","E,0302","","","    2726.7","7","    2726.7","E","    559.2"," ,E","     11.37","E","     15.44","E","      7.30","E"
"NLE00152485","2019","52.3156","4.7903","-3.0","SCHIPHOL, NL","    115.8","","     115.8","E","       177","E","        97","E","         3","E","         0","E","        33","E","         2","E","        80","E","         5","E","   -7.1","E,0121, ","  33.6"," ,E,1001, ","   36.4","E,0726, ","-0.2","E,1031","-2.3","E,1120","","","","","","","-0.1","E,0413","-3.1","E,0203","-7.1","E,0121","-7.1","E,0121","","","    2621.4","4","    2621.4","E","    860.8"," ,E","     11.22","E","     15.22","E","      7.22","E"
"NLE00152485","2020","52.3156","4.7903","-3.0","SCHIPHOL, NL","    135.2","","     135.2","E","       175","E","       100","E","         1","E","         0","E","        21","E","         0","E","        75","E","         3","E","   -2.5","E,1130,+","  26.1"," ,E,0223, ","   33.7","E,0808, ","-2.5","E,1129","-2.5","E,1129","","","","","","","-1.7","E,0401","","","","","","","","","    2615.9","9","    2615.9","E","    869.6"," ,E","     11.67","E","     15.59","E","      7.75","E"
"NLE00152485","2021","52.3156","4.7903","-3.0","SCHIPHOL, NL","","","","","","","","","","","","","","","","","","","","","","","","","","","","","","","","","","","","","","","","","","","","","","","    2922.2","2","    2922.2","E","","","","","","","",""
